<?xml version="1.0" encoding="UTF-8"?>
<project-private xmlns="http://www.netbeans.org/ns/project-private/1">
    <editor-bookmarks xmlns="http://www.netbeans.org/ns/editor-bookmarks/2" lastBookmarkId="0"/>
    <open-files xmlns="http://www.netbeans.org/ns/projectui-open-files/2">
        <group>
            <file>file:/C:/Users/ELVIN/Downloads/Lubricentro%20y%20Mecánica%20Express1/src/Selección_servicio.java</file>
            <file>file:/C:/Users/ELVIN/Downloads/Lubricentro%20y%20Mecánica%20Express1/src/MenúGeneral.java</file>
            <file>file:/C:/Users/ELVIN/Downloads/Lubricentro%20y%20Mecánica%20Express1/src/Mecánicos_disponibles.java</file>
            <file>file:/C:/Users/ELVIN/Downloads/Lubricentro%20y%20Mecánica%20Express1/src/Factura_total.java</file>
            <file>file:/C:/Users/ELVIN/Downloads/Lubricentro%20y%20Mecánica%20Express1/src/Cotización.java</file>
            <file>file:/C:/Users/ELVIN/Downloads/Lubricentro%20y%20Mecánica%20Express1/src/Pantalla_Registro.java</file>
        </group>
    </open-files>
</project-private>
